{"xakeVersion":"0.9.4","labels":{"gridMap":"graphing/frenchHistoryAndDinosaurs","profitProjections":"functions/fxNotation"},"github":null,"xourses":{"PrecalculusXourse":{"abstract":"\n\u003c!--l. 15--\u003e\u003cp class=\"noindent\"\u003eXronos Interactive Text for MAC1140 - Precalculus Algebra\n\u003c/p\u003e","title":"Precalculus Algebra MAC1140"},"PrecalculusXourse-Practice":{"abstract":"\n\u003c!--l. 15--\u003e\u003cp class=\"noindent\"\u003eXronos Practice content for MAC1140\n\u003c/p\u003e","title":"Precalculus Algebra MAC1140 - Practice"}}}